E_ID,E_NAME,E_BRANCH,E_DESIGNATION,E_ADDR,E_CONT_NO
582,Harriette,TX,Market analyst,600 Block of PINE ST,2754220306
396,Matthew,MA,Chief finance officer,EDDY ST / MASON ST,4171197971
545,Geraldine,CT,Transport manager,800 Block of BRYANT ST,8354987185
770,Brenda,UT,Warehouse manager,3300 Block of JUDAH ST,6348759218
991,Malie,OH,Branch manager,3200 Block of GEARY BL,5096424869
437,Fred,MO,Project director,VANNESS AV / MARKET ST,2378946703
805,Clay,SD,HR manager,1000 Block of BOSWORTH ST,8374022176
803,Alaysha,UT,Material handling executive,800 Block of GEARY ST,5698225463
295,Kelli,OH,Non-executive director,BAY SHORE BL / JERROLD AV,1948808609
804,Ryker,HI,Market analyst,400 Block of LEAVENWORTH ST,5155277679
54,Johnnie,RI,In House logistics executive,100 Block of BRITTON ST,8682770474
853,Zykeria,VA,Warehouse in charge,2700 Block of PACIFIC AV,9334728554
902,Selma,KY,Head of marketing,900 Block of SANSOME ST,8568849220
163,Kathryn,AL,Technical support executive,1300 Block of PACIFIC AV,6993831591
993,Karl,TX,Branch manager,LA PLAYA ST / BALBOA ST,3028920870
891,Freda,NH,IT support executive,1900 Block of MISSION ST,8786356477
950,David,OH,Inventory manager,22ND ST / IOWA ST,5614057152
292,Winnifred,OH,In House logistics executive,0 Block of 6TH ST,7483616892
90,Bryce,CA,Manager,20TH ST / MISSION ST,2812376384
49,Maeve,MA,Chief finance officer,GENEVA AV / MISSION ST,5956508519
100,Seth,NJ,Material handling executive,1600 Block of FILLMORE ST,5847136625
405,Maria,OK,IT support executive,3400 Block of CESAR CHAVEZ ST,4048218701
584,Taron,NC,Sales manager,1000 Block of POTRERO AV,1646327916
326,Bryce,NY,Block development manager,900 Block of MARKET ST,2898450180
95,Ramona,OH,In House logistics executive,POLK ST / PINE ST,1977102732
600,Adrienne,NM,Assistant manager,6TH ST / MARKET ST,1551452510
26,Dawn,PA,Non-executive director,200 Block of DIVISION ST,5544881818
515,Yessenia,MO,Delivery Boy,1600 Block of FOLSOM ST,6808482203
876,Ryan,NY,Branch manager,600 Block of INDIANA ST,6818183906
691,Harriette,RI,Non-executive director,1100 Block of GUERRERO ST,1052447026
605,Jana,OR,Office manager,500 Block of CARTER ST,1926409080
864,Frances,HI,Engineering department manager,0 Block of WHITFIELD CT,7332778584
886,Tiffani,MO,Chief finance officer,8TH ST / MARKET ST,1374706667
365,Cecile,CO,Assistant manager,400 Block of ELLIS ST,2176301525
946,Bryce,NH,Chief executive officer,TAYLOR ST / EDDY ST,1590827102
152,Earle,NY,Delivery Boy,1200 Block of WAWONA ST,1705805447
789,Danita,UT,Project director,500 Block of BROADWAY ST,7412005788
148,Raeleigh,OK,Warehouse manager,400 Block of CASTRO ST,4924177596
7,Guy,TN,Transport manager,NATOMA ST / 6TH ST,9744154055
982,Anastasia,MA,Sales manager,JONES ST / PINE ST,5862720266
249,Benita,TX,Manager,1700 Block of GREENWICH ST,6264685114
273,Dianne,NY,Branch manager,SCOTT ST / SACRAMENTO ST,6650624462
172,Andrea,TX,Material handling executive,1700 Block of BEACH ST,7889923764
234,Raul,CA,Project director,1400 Block of 47TH AV,4666975381
844,Raven,AL,Engineering department manager,CASTRO ST / MARKET ST,1860620006
368,Rebecca,TX,Material handling executive,400 Block of SCOTT ST,1015130737
372,Rosalind,MA,Transport manager,MINNA ST / JULIA ST,3355369287
82,Anne,IA,Block development manager,1000 Block of POTRERO AV,7381630742
528,Michael,TN,Market analyst,7TH ST / MARKET ST,3343867513
143,Danielle,CT,IT support executive,100 Block of EUREKA ST,1484052991
429,Heather,RI,Warehouse manager,2000 Block of UNION ST,5158272401
47,Kaitlyn,MS,Chief finance officer,800 Block of MARKET ST,6223189308
790,Eileen,MA,Chief executive officer,SAN JOSE AV / GUERRERO ST,1246424250
427,Cheyenne,CA,Branch manager,100 Block of GIRARD ST,4239981168
906,Ely,KS,Office manager,0 Block of 6TH ST,3882423236
750,Irby,AR,Assistant manager,0 Block of CRANE ST,9166200177
913,Genevieve,OH,Fleet manager,LEAVENWORTH ST / GOLDEN GATE AV,5137511014
31,Elliana,LA,Office manager,COLUMBUS AV / LOMBARD ST,9741124956
733,Katrice,WV,Sales manager,1600 Block of MARKET ST,1055293942
624,Laverne,CA,Engineering department manager,1800 Block of WALLER ST,2774587967
199,Chasity,WA,Delivery Boy,600 Block of MANGELS AV,6383939014
112,Kyle,CT,Non-executive director,0 Block of POWELL ST,8157564947
256,Gene,ME,Assistant manager,1900 Block of LOMBARD ST,2513725051
848,Marlene,CO,Delivery Boy,500 Block of NOE ST,6829482368
102,Clay,AL,Delivery Boy,MISSION ST / 16TH ST,3746956671
361,Baldemar,NY,Market analyst,2700 Block of TAYLOR ST,3968979172
962,Claudia,HI,Head of marketing,CEDAR ST / POLK ST,3932448384
443,Arya,KY,Warehouse in charge,1200 Block of MARKET ST,2852248623
977,Rodney,NC,Marketing manager,800 Block of MARKET ST,2448301670
936,Amelia,FL,Market analyst,BAY ST / POWELL ST,3017545245
395,Stephanie,TX,IT support executive,1800 Block of OCEAN AV,3061127061
344,Dejon,IL,Executive director,100 Block of CLINTONPARK ST,6894953031
48,Lawrence,CO,Inventory manager,100 Block of APTOS AV,3072705157
362,Felicity,MO,Chief finance officer,1800 Block of NEWHALL ST,7245809798
88,Kim,NY,Office manager,100 Block of CEDAR ST,8271644418
289,Morgan,SC,Chief finance officer,400 Block of VALENCIA ST,3201665520
704,Hudson,CO,Non-executive director,STEINER ST / WASHINGTON ST,3426056035
903,Stacy,SC,Engineering department manager,200 Block of BRANNAN ST,1233066378
315,Peter,KS,Chief finance officer,800 Block of BRYANT ST,6263485134
501,Beth,NY,Warehouse in charge,2200 Block of CHESTNUT ST,1354925878
812,Devon,MO,Market analyst,ADA CT / OFARRELL ST,6143377957
953,Jonathan,CT,Executive director,1600 Block of WEBSTER ST,1029837290
830,Benita,MA,Director,4800 Block of GEARY BL,9313787148
656,John,WA,Block development manager,1100 Block of SUNNYDALE AV,9053980373
935,Jan,OR,Assistant manager,300 Block of CHATTANOOGA ST,2836649349
762,Robert,VA,Market analyst,ELIZABETH ST / DIAMOND ST,1786274009
698,Kaitlyn,NC,Material handling executive,1400 Block of BAKER ST,1300453861
294,Stephan,WV,Fleet manager,1600 Block of FOLSOM ST,6518015418
535,Emma,CA,Transport manager,300 Block of PRAGUE ST,7774474168
357,Monica,IL,Executive director,400 Block of BAY ST,5796916149
468,Pamala,AZ,Warehouse manager,1600 Block of THE EMBARCADERONORTH ST,2618359567
798,Matt,WA,Sales manager,1100 Block of FITZGERALD AV,2073271791
497,Kristie,VA,Delivery Boy,4600 Block of 18TH ST,8030257579
841,Lee,VA,In House logistics executive,0 Block of MAIDEN LN,1610528704
521,Roger,SD,Technical support executive,100 Block of KISKA RD,4105997340
2,Zoya,TN,Transport manager,400 Block of MASON ST,9250747856
637,Robert,ID,Inventory manager,1200 Block of HAIGHT ST,8907221376
407,Danny,MS,Branch manager,800 Block of ELLIS ST,5519170607
87,Ryker,CO,Branch manager,800 Block of BRYANT ST,4444871583
894,Zelda,OH,Inventory manager,2300 Block of VICENTE ST,9892285623
708,David,VA,Inventory manager,MISSION ST / RUSSIA AV,6155699440
311,Jacquelin,VA,In House logistics executive,DOLORES ST / 30TH ST,2539275235
888,Ardis,VA,Delivery Boy,1000 Block of POTRERO AV,4534991454
678,Scott,NC,Chief executive officer,17TH ST / SHOTWELL ST,9411155106
734,Alexia,NH,Manager,200 Block of LOWELL ST,1161903173
640,Donnell,NY,Inventory manager,2400 Block of MISSION ST,7858706884
189,Trent,OR,Marketing manager,0 Block of AUGUST AL,1967221186
685,Gerald,WV,Material handling executive,MISSION ST / FAIR AV,9336147887
617,Zakariya,IL,Engineering department manager,300 Block of CAPP ST,8437782692
508,Artie,GA,Delivery Boy,3500 Block of FILLMORE ST,4162410124
406,Ryan,FL,Block development manager,0 Block of JONES ST,3864558057
132,Albertha,NC,Assistant manager,1000 Block of VANNESS AV,2019622576
785,Carolyn,NY,Market analyst,100 Block of SANJUAN AV,1837040341
113,Ilana,MI,Office manager,900 Block of GRANT AV,4235755436
951,Christa,NJ,Market analyst,0 Block of HANCOCK ST,4933964760
169,Bobby,KS,Head of marketing,700 Block of MISSION ST,9986862728
984,Laurence,SD,Head of marketing,2900 Block of JACKSON ST,2460523574
881,Trevon,NM,Sales manager,1100 Block of MARKET ST,3243646644
883,Jason,IN,Material handling executive,1600 Block of INDIANA ST,4932358514
735,Ramona,NH,Project director,FULTON ST / 5TH AV,1419382893
120,Harvey,DC,Transport manager,200 Block of LAKEVIEW AV,6456637698
92,Ericka,TX,Marketing manager,1000 Block of MARKET ST,4615496293
618,Scott,IL,Sales manager,DAVIS ST / CLAY ST,6419268208
768,Shirley,TX,Transport manager,200 Block of INTERSTATE80 HY,3258758083
619,Nevaeh,CO,Project director,FITZGERALD AV / GRIFFITH ST,9823103962
393,Rayburn,TX,Sales manager,LEAVENWORTH ST / ELLIS ST,5931525319
127,Rayburn,CA,Manager,400 Block of JONES ST,5199096406
329,Sharyn,CA,Fleet manager,MISSION ST / 24TH ST,4926013012
839,Leslie,IL,Manager,RUSSIA AV / ATHENS ST,1385206446
787,Ericka,SC,IT support executive,BRANNAN ST / 9TH ST,7592482439
658,Curtis,IL,Sales manager,200 Block of ASHBURY ST,1575826863
302,Alessia,CA,Fleet manager,1200 Block of THE EMBARCADERONORTH ST,4826890428
959,Bridgett,MS,Warehouse in charge,100 Block of OFARRELL ST,1171287473
467,Kelly,IL,Project director,0 Block of BRADY ST,3594123975
642,Francis,NY,Project director,ANZA ST / SPRUCE ST,7051750919
472,Stephania,GA,Warehouse manager,1600 Block of HAIGHT ST,6886408134
700,Zella,WV,Non-executive director,FRANKLIN ST / GOLDEN GATE AV,7077868681
305,Tiffany,OH,Assistant manager,JACKSON ST / GRANT AV,4425132485
676,Bernard,MN,HR manager,JONES ST / STEVELOE PL,3975638935
602,Parth,LA,Chief executive officer,1400 Block of WASHINGTON ST,8049380718
175,Arlene,CA,Warehouse in charge,15TH AV / SHELDON TR,6417574125
679,Ronnie,MA,Delivery Boy,800 Block of MARKET ST,2458047806
412,Anne,CT,Project director,400 Block of SUTTER ST,4345935028
486,Kathleen,WV,Delivery Boy,200 Block of 6TH ST,4167720507
899,Jalen,NY,Manager,1400 Block of 19TH AV,4565205218
123,Jensen,OH,Warehouse in charge,1900 Block of UNION ST,1029848581
180,Stanley,WV,Warehouse in charge,SUTTER ST / LARKIN ST,6076587686
433,Stanley,MD,Warehouse manager,0 Block of LAGUNA ST,4382867697
244,Pamela,IL,Warehouse manager,0 Block of CHENERY ST,8529787345
147,Isabela,NC,Inventory manager,MISSION ST / 13TH ST,2933328030
634,Tiffani,NJ,Project director,1700 Block of POST ST,1549574380
999,Ora,MI,IT support executive,400 Block of JONES ST,5348595059
477,Crystal,GA,IT support executive,0 Block of ADAIR ST,8326159645
746,Todd,IL,Engineering department manager,6TH ST / MISSION ST,4303568430
287,Frederick,DE,Delivery Boy,TAYLOR ST / ELLIS ST,4386754323
310,Makala,CA,Executive director,0 Block of NEWTON ST,8824594477
889,Wayne,OK,Warehouse manager,500 Block of CAPP ST,1096489886
512,Bart,MO,Office manager,11TH ST / MINNA ST,3305516916
693,Leighann,FL,Branch manager,HAIGHT ST / STANYAN ST,6982317596
670,Christina,KS,Warehouse in charge,2400 Block of SAN BRUNO AV,6215794970
238,Edith,MO,HR manager,300 Block of 30TH AV,2452732341
400,Milburn,MT,HR manager,4200 Block of GEARY BL,1402030924
398,Loren,OH,Fleet manager,400 Block of HAIGHT ST,1812999737
955,Zoie,IL,Delivery Boy,1200 Block of POLK ST,6234964560
193,Coleman,NY,Warehouse manager,1500 Block of MARKET ST,2906446799
33,Jennifer,MA,Engineering department manager,FELL ST / STEINER ST,6522949251
786,Jensen,CT,Block development manager,MISSION ST / 16TH ST,3669773727
811,Cristina,VA,Transport manager,MISSION ST / FRANCIS ST,3993420544
615,Annamaria,NC,Delivery Boy,HYDE ST / GROVE ST,5372626672
18,Jennie,WA,Project director,2400 Block of SAN BRUNO AV,8311555346
114,Eldon,SC,Warehouse manager,200 Block of BATTERY ST,7612488075
340,Tammi,OH,Office manager,0 Block of CLARION AL,6431033790
649,Elise,ME,Chief finance officer,FRANKLIN ST / IVY ST,7665617991
778,Twanna,TX,Market analyst,4000 Block of 19TH AV,4815198694
885,Dawn,NM,Head of marketing,0 Block of TAYLOR ST,9875605267
69,Gael,KY,Market analyst,26TH ST / TREAT AV,5913610613
288,Joao,HI,Technical support executive,800 Block of SOUTH VAN NESS AV,7009589164
898,Muriel,KS,IT support executive,4300 Block of 25TH ST,3097734889
473,Valeria,KS,Inventory manager,1900 Block of 14TH AV,3349318383
23,Yasmeen,TX,In House logistics executive,1200 Block of HOWARD ST,2261795235
505,Cecilia,PA,Material handling executive,800 Block of BURNETT AV,8692599127
401,Brent,NJ,Transport manager,1500 Block of UNION ST,3288511772
988,Gray,VT,Non-executive director,2400 Block of CALIFORNIA ST,9918649402
493,Kenny,AL,Transport manager,400 Block of 26TH AV,5243247634
432,Jasmine,SD,Chief finance officer,14TH ST / FOLSOM ST,1058029786
948,Kelly,IL,Chief finance officer,COLUMBUS AV / GREEN ST,2276744816
821,Alysha,IL,Technical support executive,1500 Block of SLOAT BL,6595878396
435,Rashawn,CT,Sales manager,800 Block of BRYANT ST,9703448223
11,Rita,WI,Manager,300 Block of GOLDEN GATE AV,7945949825
204,Jaime,TX,Office manager,800 Block of BRYANT ST,4209429743
332,Debora,NM,HR manager,800 Block of BRYANT ST,9621041593
179,Jan,TX,Head of marketing,0 Block of LATONA ST,9768020592
503,Van,OR,Office manager,3200 Block of 20TH AV,1791431137
431,Jalen,MA,Marketing manager,LARKIN ST / SUTTER ST,7461936580
865,Samual,MN,Office manager,0 Block of DUNCAN ST,6828905297
874,Holli,AL,IT support executive,400 Block of GROVE ST,2273691148
513,Latasha,NY,Block development manager,3200 Block of 20TH AV,5144195389
814,Alexia,MO,Director,2900 Block of 26TH ST,7057705428
236,Beth,TX,Delivery Boy,1100 Block of FILLMORE ST,2261152495
957,Valencia,CA,IT support executive,400 Block of EDDY ST,1160558300
